sno,date,to_days,hour,lent,returned,weekday,workingday,temperature,humidity,wind_speed,precipitation,station_pres
45,2017/7/1,1,0,17,10,5,0,27.9,78,1,0,1004.3
45,2017/7/1,1,1,6,13,5,0,27.1,79,1.4,0,1005.1
45,2017/7/1,1,2,4,2,5,0,26.9,81,1.4,0,1004.8
45,2017/7/1,1,3,3,1,5,0,26.9,79,0.4,0,1004.1
45,2017/7/1,1,4,4,1,5,0,26.8,79,2,0,1004
45,2017/7/1,1,5,2,4,5,0,26.5,80,0.9,0,1004.3
45,2017/7/1,1,6,13,5,5,0,26.5,79,0.7,0,1004.7
45,2017/7/1,1,7,32,27,5,0,27.6,78,0.2,0,1005
45,2017/7/1,1,8,57,40,5,0,29,68,1.3,0,1005.1
45,2017/7/1,1,9,50,42,5,0,30.6,59,1,0,1004.9
45,2017/7/1,1,10,40,52,5,0,32,52,1.5,0,1004.3
45,2017/7/1,1,11,33,52,5,0,33.3,47,1.3,0,1003.7
45,2017/7/1,1,12,60,55,5,0,33.2,48,2.1,0,1003.4
45,2017/7/1,1,13,71,68,5,0,33.4,54,2.8,0,1003.1
45,2017/7/1,1,14,64,66,5,0,32.5,57,3.9,0,1002.8
45,2017/7/1,1,15,5,23,5,0,30.9,63,1.9,0,1002.9
45,2017/7/1,1,16,17,15,5,0,26.5,93,1.7,26.5,1003.7
45,2017/7/1,1,17,7,28,5,0,26,93,2.2,2,1003.9
45,2017/7/1,1,18,15,18,5,0,26.2,87,1.7,1,1005.1
45,2017/7/1,1,19,14,16,5,0,25.7,92,2.6,1,1006.5
45,2017/7/1,1,20,33,10,5,0,25.4,92,0.8,1.5,1007
45,2017/7/1,1,21,72,48,5,0,25.9,90,1.4,0.5,1005.3
45,2017/7/1,1,22,27,20,5,0,26.4,86,2.2,0,1004.4
45,2017/7/1,1,23,21,23,5,0,26.3,86,1.5,0,1004.7
45,2017/7/2,2,0,33,16,6,0,26.9,77,1.6,0,1005.5
45,2017/7/2,2,1,3,4,6,0,26.1,83,2.2,0,1004.7
45,2017/7/2,2,2,4,2,6,0,26.1,82,1.4,0,1004.3
45,2017/7/2,2,3,4,2,6,0,25.6,83,1.6,0,1004.1
45,2017/7/2,2,4,0,1,6,0,25.3,83,2.6,0,1004.3
45,2017/7/2,2,5,5,4,6,0,25.7,82,2.3,0,1004.8
45,2017/7/2,2,6,13,12,6,0,25.9,80,1.8,0,1005.2
45,2017/7/2,2,7,37,23,6,0,27.6,73,1.6,0,1005.4
45,2017/7/2,2,8,51,49,6,0,28.5,67,1.6,0,1005.2
45,2017/7/2,2,9,40,47,6,0,30.5,60,1,0,1004.9
45,2017/7/2,2,10,25,47,6,0,31.9,58,0.8,0,1004.6
45,2017/7/2,2,11,42,49,6,0,31.8,57,1.9,0,1004.2
45,2017/7/2,2,12,64,76,6,0,32.8,52,1.5,0,1003.6
45,2017/7/2,2,13,74,79,6,0,32.5,56,4.1,0,1003.4
45,2017/7/2,2,14,70,58,6,0,32.1,54,3.3,0,1003.2
45,2017/7/2,2,15,62,51,6,0,31.9,57,2.4,0,1002.7
45,2017/7/2,2,16,84,73,6,0,31.2,58,3.6,0,1002.8
45,2017/7/2,2,17,104,126,6,0,30.8,60,2.1,0,1003
45,2017/7/2,2,18,113,107,6,0,29.8,70,2,0,1003.7
45,2017/7/2,2,19,97,73,6,0,29.3,72,1.3,0,1004
45,2017/7/2,2,20,90,60,6,0,29.2,73,1.3,0,1004.5
45,2017/7/2,2,21,86,44,6,0,28.6,76,2.6,0,1005.2
45,2017/7/2,2,22,47,40,6,0,27.9,75,1.2,0,1005.4
45,2017/7/2,2,23,25,29,6,0,28.1,77,0.2,0,1004.9
45,2017/7/3,3,0,18,5,0,1,26.6,76,2.1,0,1006.8
45,2017/7/3,3,1,2,8,0,1,27.3,76,1.4,0,1003.6
45,2017/7/3,3,2,1,1,0,1,27.1,76,1.9,0,1003.2
45,2017/7/3,3,3,4,0,0,1,27.4,78,1.7,0,1002.8
45,2017/7/3,3,4,0,0,0,1,27,81,1.5,0,1003
45,2017/7/3,3,5,5,2,0,1,27.4,77,1.1,0,1002.9
45,2017/7/3,3,6,19,21,0,1,27,78,1.3,0,1003.3
45,2017/7/3,3,7,52,39,0,1,28.2,72,0.6,0,1003.6
45,2017/7/3,3,8,96,64,0,1,29.8,62,3.7,0,1003.6
45,2017/7/3,3,9,35,32,0,1,31.4,57,2,0,1003.9
45,2017/7/3,3,10,32,30,0,1,31.7,56,2.1,0,1004.2
45,2017/7/3,3,11,60,63,0,1,32.9,50,2.5,0,1004.2
45,2017/7/3,3,12,78,84,0,1,32.9,52,2.7,0,1003.6
45,2017/7/3,3,13,94,73,0,1,32.5,58,2.9,0,1003.2
45,2017/7/3,3,14,10,11,0,1,31.7,62,1.8,0,1003.2
45,2017/7/3,3,15,22,19,0,1,24.2,94,1.9,36,1004.7
45,2017/7/3,3,16,64,68,0,1,25.8,86,0.8,0,1003.6
45,2017/7/3,3,17,111,143,0,1,27.1,77,1.4,0,1002.9
45,2017/7/3,3,18,100,145,0,1,27.8,75,1.7,0,1003.6
45,2017/7/3,3,19,117,97,0,1,28,76,1.4,0,1004.3
45,2017/7/3,3,20,88,78,0,1,27.9,78,1.5,0,1005
45,2017/7/3,3,21,107,79,0,1,27.4,80,1.5,0,1005.8
45,2017/7/3,3,22,65,34,0,1,27.7,78,1,0,1005.9
45,2017/7/3,3,23,26,26,0,1,27.3,78,1.8,0,1005.8
45,2017/7/4,4,0,20,18,1,1,28.4,71,0.9,0,1008.2
45,2017/7/4,4,1,2,3,1,1,26.7,78,1.1,0,1005.3
45,2017/7/4,4,2,1,3,1,1,26.4,79,1.7,0,1005.1
45,2017/7/4,4,3,3,0,1,1,26.3,79,0.9,0,1004.8
45,2017/7/4,4,4,2,0,1,1,26.1,80,0.9,0,1004.8
45,2017/7/4,4,5,7,4,1,1,26,80,1.2,0,1005.2
45,2017/7/4,4,6,11,17,1,1,26.2,78,2.5,0,1005.9
45,2017/7/4,4,7,64,46,1,1,27.1,77,2.3,0,1006.8
45,2017/7/4,4,8,86,68,1,1,28.4,74,0.8,0,1006.9
45,2017/7/4,4,9,52,48,1,1,30.8,66,1.2,0,1007
45,2017/7/4,4,10,50,34,1,1,31.6,60,1.6,0,1006.8
45,2017/7/4,4,11,51,40,1,1,32.8,55,0.7,0,1006.5
45,2017/7/4,4,12,70,72,1,1,32.4,55,1.6,0,1005.9
45,2017/7/4,4,13,62,53,1,1,32.4,60,2.8,0,1005.5
45,2017/7/4,4,14,51,67,1,1,32.3,59,3.2,0,1005
45,2017/7/4,4,15,47,50,1,1,31.3,62,3.3,0,1004.7
45,2017/7/4,4,16,11,4,1,1,30.1,69,2.9,0,1005.7
45,2017/7/4,4,17,12,39,1,1,26.5,88,2.2,2,1005.9
45,2017/7/4,4,18,63,64,1,1,26.4,89,0.8,2,1005.9
45,2017/7/4,4,19,64,69,1,1,26.3,83,0.8,0,1006.6
45,2017/7/4,4,20,82,52,1,1,26.5,84,1.5,0,1006.8
45,2017/7/4,4,21,88,74,1,1,26.2,80,3.1,0,1007.1
45,2017/7/4,4,22,62,48,1,1,26.5,78,1.3,0,1007.4
45,2017/7/4,4,23,27,25,1,1,26.6,76,2.1,0,1007
45,2017/7/5,5,0,11,10,2,1,28.1,72,0.4,0,1006.8
45,2017/7/5,5,1,3,2,2,1,26.3,74,1.5,0,1006.6
45,2017/7/5,5,2,4,0,2,1,26.1,76,1.6,0,1006.4
45,2017/7/5,5,3,1,2,2,1,26.1,77,1.1,0,1006.8
45,2017/7/5,5,4,0,1,2,1,26.1,80,0.6,0,1007
45,2017/7/5,5,5,4,2,2,1,25.8,78,0.5,0,1007.4
45,2017/7/5,5,6,18,25,2,1,25.7,79,1.4,0,1007.8
45,2017/7/5,5,7,68,36,2,1,26.4,76,1.1,0,1008.2
45,2017/7/5,5,8,71,59,2,1,27.9,71,1.1,0,1008.4
45,2017/7/5,5,9,53,50,2,1,29.6,66,1.6,0,1008.3
45,2017/7/5,5,10,30,26,2,1,31.4,54,2,0,1007.7
45,2017/7/5,5,11,59,51,2,1,32.8,55,3.1,0,1007.7
45,2017/7/5,5,12,69,67,2,1,33.4,52,2.8,0,1007.4
45,2017/7/5,5,13,81,80,2,1,33.7,48,3.7,0,1007.2
45,2017/7/5,5,14,60,71,2,1,34,46,2.3,0,1006.6
45,2017/7/5,5,15,67,77,2,1,33.6,49,2,0,1006.4
45,2017/7/5,5,16,73,76,2,1,30.8,62,1.3,0,1006.2
45,2017/7/5,5,17,125,136,2,1,30.3,61,2.3,0,1005.9
45,2017/7/5,5,18,115,134,2,1,30.2,61,1.2,0,1006.2
45,2017/7/5,5,19,110,87,2,1,30.1,62,0.3,0,1006.6
45,2017/7/5,5,20,73,59,2,1,29.8,66,1.7,0,1007
45,2017/7/5,5,21,86,72,2,1,29.2,68,0.6,0,1007.6
45,2017/7/5,5,22,67,55,2,1,28.8,69,1.5,0,1008.3
45,2017/7/5,5,23,25,19,2,1,28.6,71,0.7,0,1008.2
45,2017/7/6,6,0,11,13,3,1,25.4,81,2.4,0,1009.4
45,2017/7/6,6,1,8,11,3,1,28.1,75,1.1,0,1007.8
45,2017/7/6,6,2,7,3,3,1,27.8,76,1.5,0,1007.3
45,2017/7/6,6,3,0,3,3,1,27.4,78,1.4,0,1006.8
45,2017/7/6,6,4,0,1,3,1,27.2,79,0.7,0,1006.6
45,2017/7/6,6,5,6,6,3,1,26.9,80,2,0,1006.8
45,2017/7/6,6,6,14,9,3,1,27.3,78,1.2,0,1007
45,2017/7/6,6,7,65,39,3,1,28.6,72,0.5,0,1007.4
45,2017/7/6,6,8,67,59,3,1,29.3,71,1.5,0,1008
45,2017/7/6,6,9,51,49,3,1,31.7,60,0.4,0,1007.6
45,2017/7/6,6,10,26,25,3,1,30.6,63,2.5,0,1007.3
45,2017/7/6,6,11,50,47,3,1,32.1,56,0.9,0,1006.9
45,2017/7/6,6,12,74,76,3,1,32.9,54,1.7,0,1006.4
45,2017/7/6,6,13,67,64,3,1,33.1,54,2.6,0,1005.8
45,2017/7/6,6,14,54,53,3,1,34,48,2.9,0,1004.6
45,2017/7/6,6,15,64,63,3,1,33.6,48,4,0,1004.2
45,2017/7/6,6,16,81,95,3,1,32.8,50,2.8,0,1004.2
45,2017/7/6,6,17,107,148,3,1,29.7,61,2.5,0,1004.4
45,2017/7/6,6,18,114,113,3,1,31,58,1.1,0,1004.8
45,2017/7/6,6,19,115,80,3,1,30.7,59,0.6,0,1005.8
45,2017/7/6,6,20,95,64,3,1,29.6,71,2.3,0,1005.9
45,2017/7/6,6,21,85,77,3,1,28.8,72,1.2,0,1006.7
45,2017/7/6,6,22,51,50,3,1,28.3,74,1.1,0,1006.7
45,2017/7/6,6,23,41,42,3,1,28.2,73,1.4,0,1007.1
45,2017/7/7,7,0,27,9,4,1,26,82,0.8,0,1008.7
45,2017/7/7,7,1,4,2,4,1,27.9,72,0.2,0,1006.8
45,2017/7/7,7,2,1,1,4,1,28.1,71,0.8,0,1006.6
45,2017/7/7,7,3,0,1,4,1,27.5,76,0.8,0,1006.5
45,2017/7/7,7,4,1,4,4,1,27.7,73,1.4,0,1006.4
45,2017/7/7,7,5,6,4,4,1,27.3,76,2.4,0,1006.3
45,2017/7/7,7,6,11,11,4,1,27.4,75,1,0,1006.5
45,2017/7/7,7,7,47,29,4,1,27.4,75,1.6,0,1006.8
45,2017/7/7,7,8,76,62,4,1,28.4,72,1.4,0,1007.4
45,2017/7/7,7,9,58,43,4,1,29.8,66,1.4,0,1007.7
45,2017/7/7,7,10,48,47,4,1,30.4,65,1.4,0,1007.4
45,2017/7/7,7,11,63,56,4,1,31,63,1.6,0,1006.8
45,2017/7/7,7,12,82,93,4,1,32.2,55,1.4,0,1006.8
45,2017/7/7,7,13,84,68,4,1,32,57,1.2,0,1006.2
45,2017/7/7,7,14,57,80,4,1,32.1,58,2.9,0,1005.8
45,2017/7/7,7,16,32,54,4,1,30.9,58,3.7,0,1005.9
45,2017/7/7,7,17,3,12,4,1,26.4,82,4.7,0,1007.4
45,2017/7/7,7,18,17,27,4,1,24.9,90,1.4,13.5,1008.6
45,2017/7/7,7,19,17,22,4,1,24.9,90,1.5,3,1008.9
45,2017/7/7,7,20,13,16,4,1,25,91,1.9,4,1008.9
45,2017/7/7,7,21,35,28,4,1,25.3,85,1.6,1,1009.2
45,2017/7/7,7,22,37,21,4,1,25.4,83,1.9,0.5,1009.5
45,2017/7/7,7,23,29,21,4,1,25.4,85,1.1,0,1009.7
45,2017/7/8,8,0,37,18,5,0,27.3,85,0.8,0,1005.8
45,2017/7/8,8,1,14,3,5,0,25.6,80,1.6,0,1008.7
45,2017/7/8,8,2,3,2,5,0,25.6,82,1.2,0,1008.4
45,2017/7/8,8,3,2,1,5,0,25.5,80,2.8,0,1007.6
45,2017/7/8,8,4,2,0,5,0,25.3,82,1.9,0,1007.2
45,2017/7/8,8,5,6,7,5,0,25.3,81,2.4,0,1006.8
45,2017/7/8,8,6,7,17,5,0,25.6,79,1.6,0,1007.2
45,2017/7/8,8,7,26,17,5,0,27,73,1.4,0,1007.5
45,2017/7/8,8,8,68,48,5,0,27.6,73,1,0,1007.9
45,2017/7/8,8,9,54,55,5,0,28,73,1.6,0,1008
45,2017/7/8,8,10,47,51,5,0,29.8,64,0.6,0,1008
45,2017/7/8,8,11,47,63,5,0,31.4,54,0.7,0,1007.8
45,2017/7/8,8,12,73,82,5,0,31.5,54,1.3,0,1007.3
45,2017/7/8,8,13,67,57,5,0,32.9,46,0.2,0,1006.8
45,2017/7/8,8,14,63,50,5,0,32.8,56,1.8,0,1006.4
45,2017/7/8,8,15,57,61,5,0,32.1,60,1.8,0,1005.9
45,2017/7/8,8,16,103,98,5,0,30.7,67,1.8,0,1005.7
45,2017/7/8,8,17,84,106,5,0,29.6,75,2.3,0,1005.6
45,2017/7/8,8,18,90,69,5,0,29.2,69,3.2,0,1006.4
45,2017/7/8,8,19,10,24,5,0,28.6,70,2.8,0,1007.7
45,2017/7/8,8,20,11,9,5,0,24.9,85,1.1,0.5,1008.6
45,2017/7/8,8,21,50,33,5,0,25.5,82,1.2,2,1008.7
45,2017/7/8,8,22,49,22,5,0,26.3,79,1.8,0,1008.9
45,2017/7/8,8,23,14,13,5,0,26.1,83,2.4,0,1009
45,2017/7/9,9,0,23,8,6,0,28.2,83,2,0,1005.7
45,2017/7/9,9,1,5,4,6,0,26.1,83,0.6,0,1008.3
45,2017/7/9,9,2,8,5,6,0,26.2,84,0.2,0,1007.7
45,2017/7/9,9,3,4,3,6,0,25.9,84,1.4,0,1007.4
45,2017/7/9,9,4,1,1,6,0,25.8,85,1.4,0,1007
45,2017/7/9,9,5,2,8,6,0,25.6,86,2.2,0,1007.2
45,2017/7/9,9,6,12,8,6,0,25.6,85,2,0,1007.4
45,2017/7/9,9,7,18,22,6,0,26.5,80,1.9,0,1007.4
45,2017/7/9,9,8,28,38,6,0,28.6,71,0.8,0,1007.5
45,2017/7/9,9,9,42,43,6,0,29.6,66,0.4,0,1007.3
45,2017/7/9,9,10,31,30,6,0,31.7,56,0.9,0,1007
45,2017/7/9,9,11,39,38,6,0,33.1,48,2.5,0,1006.6
45,2017/7/9,9,12,71,54,6,0,33,48,1.3,0,1006.2
45,2017/7/9,9,13,65,58,6,0,32.4,57,1.7,0,1005.8
45,2017/7/9,9,14,60,59,6,0,32.5,59,2.7,0,1005.3
45,2017/7/9,9,15,13,13,6,0,31.6,63,1.5,0,1004.9
45,2017/7/9,9,16,15,20,6,0,25.7,90,2.7,50,1005.4
45,2017/7/9,9,17,59,57,6,0,26.5,86,1.5,3,1005.3
45,2017/7/9,9,18,71,62,6,0,27.4,80,2.6,0,1005.4
45,2017/7/9,9,19,81,78,6,0,27.6,80,1.3,0,1005.5
45,2017/7/9,9,20,70,43,6,0,27.5,82,1.6,0,1005.9
45,2017/7/9,9,21,58,49,6,0,27.6,81,1.3,0,1006.1
45,2017/7/9,9,22,43,40,6,0,27.3,83,1.5,0,1006.4
45,2017/7/9,9,23,30,20,6,0,27.2,83,1,0,1006.1
45,2017/7/10,10,0,11,6,0,1,27.9,80,0.8,0,1008.7
45,2017/7/10,10,1,7,2,0,1,26.9,84,1.3,0,1005.3
45,2017/7/10,10,2,0,1,0,1,26.5,85,2.1,0,1004.7
45,2017/7/10,10,3,1,4,0,1,26.3,85,0.9,0,1004.2
45,2017/7/10,10,4,0,0,0,1,26.4,84,1.9,0,1004.2
45,2017/7/10,10,5,3,4,0,1,26.3,85,1.8,0,1004.3
45,2017/7/10,10,6,25,14,0,1,26.4,84,2.4,0,1004.7
45,2017/7/10,10,7,43,37,0,1,27.1,80,1.9,0,1005.3
45,2017/7/10,10,8,75,69,0,1,29.3,72,0.6,0,1005.3
45,2017/7/10,10,9,45,40,0,1,29.9,71,1.4,0,1005.5
45,2017/7/10,10,10,47,43,0,1,31.4,64,0.6,0,1005.2
45,2017/7/10,10,11,50,46,0,1,32.4,59,1.4,0,1004.9
45,2017/7/10,10,12,78,79,0,1,32.9,57,2.2,0,1004.7
45,2017/7/10,10,13,76,64,0,1,32.4,60,2.3,0,1004.2
45,2017/7/10,10,14,45,57,0,1,31.8,65,2.6,0,1004.2
45,2017/7/10,10,15,26,39,0,1,29.9,77,3.5,9,1004
45,2017/7/10,10,16,60,57,0,1,26.4,86,1.5,24.5,1004.4
45,2017/7/10,10,17,91,149,0,1,28.4,84,0.5,1,1004.2
45,2017/7/10,10,18,125,141,0,1,29.7,75,1.1,0,1004.2
45,2017/7/10,10,19,117,92,0,1,29.7,73,1.2,0,1004.7
45,2017/7/10,10,21,94,68,0,1,29.3,79,1.2,0,1005.6
45,2017/7/10,10,22,52,48,0,1,28.6,81,1.7,0,1006.4
45,2017/7/10,10,23,27,21,0,1,28.5,82,1.1,0,1006.3
45,2017/7/11,11,0,33,13,1,1,28.3,80,0.8,0,1007
45,2017/7/11,11,1,5,4,1,1,27.9,84,1.6,0,1005.4
45,2017/7/11,11,2,12,5,1,1,27.8,81,1.9,0,1005.3
45,2017/7/11,11,3,0,0,1,1,27.6,82,0.3,0,1005.2
45,2017/7/11,11,4,0,1,1,1,27.1,83,1.2,0,1005.4
45,2017/7/11,11,5,6,4,1,1,27,81,0.8,0,1005.6
45,2017/7/11,11,6,13,14,1,1,27,82,0.9,0,1005.9
45,2017/7/11,11,7,51,34,1,1,28.3,76,1.2,0,1006.4
45,2017/7/11,11,8,75,74,1,1,29.4,70,1.2,0,1006.8
45,2017/7/11,11,9,41,40,1,1,30.6,67,1.9,0,1007.3
45,2017/7/11,11,10,35,36,1,1,32.5,61,1.1,0,1007.2
45,2017/7/11,11,11,41,48,1,1,34,53,1.3,0,1007.1
45,2017/7/11,11,12,77,69,1,1,32.3,61,2.8,0,1006.9
45,2017/7/11,11,13,71,58,1,1,31.7,67,2.6,1,1006.5
45,2017/7/11,11,14,48,52,1,1,30.7,73,2.1,0,1006.4
45,2017/7/11,11,15,48,55,1,1,29,72,2.5,0,1006.4
45,2017/7/11,11,16,83,83,1,1,27.5,71,1.3,0,1006.3
45,2017/7/11,11,17,119,130,1,1,28,71,1.7,0,1006.1
45,2017/7/11,11,18,119,110,1,1,28.2,73,1.1,0,1006.4
45,2017/7/11,11,19,112,83,1,1,28.3,75,1.7,0,1007.1
45,2017/7/11,11,20,65,67,1,1,28.1,78,0.9,0,1007.8
45,2017/7/11,11,21,50,50,1,1,28.4,77,1.5,0,1008.3
45,2017/7/11,11,22,47,42,1,1,28,80,0.8,0,1009
45,2017/7/11,11,23,18,20,1,1,28.2,79,1.4,0,1009
45,2017/7/12,12,0,8,9,2,1,28.4,74,2.3,0,1005.2
45,2017/7/12,12,1,7,4,2,1,27.4,83,1.4,0,1008.1
45,2017/7/12,12,2,1,0,2,1,27.2,83,1.5,0,1008.2
45,2017/7/12,12,3,1,1,2,1,27.2,82,1.8,0,1008.2
45,2017/7/12,12,4,0,0,2,1,26.9,81,1.4,0,1008.3
45,2017/7/12,12,5,6,9,2,1,26.9,81,2.2,0,1008.3
45,2017/7/12,12,6,15,16,2,1,26.9,80,2.2,0,1008.6
45,2017/7/12,12,7,55,36,2,1,27.9,76,0.7,0,1008.6
45,2017/7/12,12,8,72,65,2,1,29.8,69,0.4,0,1008.3
45,2017/7/12,12,9,37,33,2,1,31,64,0.9,0,1008.4
45,2017/7/12,12,10,41,39,2,1,32.7,54,1.9,0,1008.3
45,2017/7/12,12,11,47,41,2,1,32.8,58,2.3,0,1008
45,2017/7/12,12,12,63,69,2,1,33.2,59,2.4,0,1007.8
45,2017/7/12,12,13,76,58,2,1,33,58,2.6,0,1007.5
45,2017/7/12,12,14,49,61,2,1,32.1,61,1.3,0,1007.3
45,2017/7/12,12,15,63,48,2,1,30.9,68,1.9,0,1006.9
45,2017/7/12,12,16,82,80,2,1,30.9,63,1.6,0,1006.4
45,2017/7/12,12,17,111,112,2,1,31.5,67,0.8,0,1006.2
45,2017/7/12,12,18,102,117,2,1,30.9,70,0.4,0,1006.6
45,2017/7/12,12,19,90,58,2,1,30.5,75,1.4,0,1006.8
45,2017/7/12,12,20,55,50,2,1,29.8,77,1.3,0,1007.4
45,2017/7/12,12,21,70,65,2,1,29.2,78,1.5,0,1007.5
45,2017/7/12,12,22,34,32,2,1,28.7,78,1.8,0,1007.3
45,2017/7/12,12,23,23,23,2,1,28.3,79,1.5,0,1007.1
45,2017/7/13,13,0,6,6,3,1,28.6,72,1.4,0,1005.8
45,2017/7/13,13,1,2,1,3,1,28.2,80,0.5,0,1006.4
45,2017/7/13,13,2,4,2,3,1,27.4,80,1.2,0,1005.9
45,2017/7/13,13,3,1,1,3,1,27,80,1.4,0,1005.8
45,2017/7/13,13,4,0,1,3,1,26.7,81,2,0,1005.8
45,2017/7/13,13,5,3,7,3,1,26.6,81,1.1,0,1006.1
45,2017/7/13,13,6,13,14,3,1,26.6,82,1.3,0,1006.4
45,2017/7/13,13,7,49,31,3,1,27.6,75,0.8,0,1006.7
45,2017/7/13,13,8,71,72,3,1,29.1,69,1.5,0,1006.8
45,2017/7/13,13,9,60,52,3,1,30.9,60,1.6,0,1006.8
45,2017/7/13,13,10,38,32,3,1,32.2,49,2.5,0,1006.5
45,2017/7/13,13,11,61,60,3,1,33.9,44,1.7,0,1005.9
45,2017/7/13,13,12,59,62,3,1,33.7,51,2.8,0,1005.4
45,2017/7/13,13,13,65,64,3,1,33.8,53,2.3,0,1004.5
45,2017/7/13,13,14,47,49,3,1,33.6,54,2.3,0,1004.2
45,2017/7/13,13,15,63,57,3,1,32.9,55,2.8,0,1003.8
45,2017/7/13,13,16,71,86,3,1,32.6,53,2.9,0,1003.5
45,2017/7/13,13,17,105,105,3,1,32.2,52,2.8,0,1003.3
45,2017/7/13,13,18,101,146,3,1,32,54,1.7,0,1003.6
45,2017/7/13,13,19,90,92,3,1,31.2,53,3.4,0,1004.7
45,2017/7/13,13,20,103,49,3,1,30.5,62,1.7,0,1005.1
45,2017/7/13,13,21,93,64,3,1,30.4,65,0.6,0,1005.3
45,2017/7/13,13,22,58,57,3,1,29.3,70,1.1,0,1005.3
45,2017/7/13,13,23,33,31,3,1,28.8,72,2,0,1005.3
45,2017/7/14,14,0,13,9,4,1,29.7,60,0.7,0,1006
45,2017/7/14,14,1,4,4,4,1,28.1,75,1.7,0,1004.6
45,2017/7/14,14,2,4,2,4,1,27.8,76,0.6,0,1004.8
45,2017/7/14,14,3,1,1,4,1,27.5,77,0.7,0,1004.9
45,2017/7/14,14,4,1,0,4,1,26.9,79,1.6,0,1004.9
45,2017/7/14,14,5,3,9,4,1,26.7,79,1.5,0,1005.5
45,2017/7/14,14,6,15,17,4,1,26.9,79,0.9,0,1005.8
45,2017/7/14,14,7,55,35,4,1,27.7,74,0.7,0,1005.9
45,2017/7/14,14,8,57,49,4,1,29.6,67,0.8,0,1005.9
45,2017/7/14,14,9,52,48,4,1,31.5,57,0.7,0,1005.8
45,2017/7/14,14,10,39,47,4,1,32.1,54,1.8,0,1005.4
45,2017/7/14,14,11,69,60,4,1,33.4,50,1.5,0,1005.2
45,2017/7/14,14,12,59,60,4,1,33.7,49,1.5,0,1004.6
45,2017/7/14,14,13,82,80,4,1,32.4,57,2.9,0,1004.2
45,2017/7/14,14,14,66,54,4,1,33.2,52,1.8,0,1004
45,2017/7/14,14,15,63,65,4,1,32.2,54,3.9,0,1003.6
45,2017/7/14,14,16,72,88,4,1,32.1,54,2.1,0,1003.5
45,2017/7/14,14,17,112,166,4,1,31.9,54,1.5,0,1003.6
45,2017/7/14,14,18,97,86,4,1,31.8,57,0.8,0,1003.9
45,2017/7/14,14,19,98,80,4,1,30.9,57,2.1,0,1004.8
45,2017/7/14,14,20,97,66,4,1,30.4,60,1.6,0,1005.1
45,2017/7/14,14,21,80,69,4,1,29.4,65,2.2,0,1005.3
45,2017/7/14,14,22,55,40,4,1,29.1,66,1.2,0,1005.8
45,2017/7/14,14,23,27,32,4,1,29,66,1.3,0,1005.9
45,2017/7/15,15,0,22,18,5,0,29.9,72,1,0,1006.8
45,2017/7/15,15,1,8,7,5,0,27.7,77,1.1,0,1005.4
45,2017/7/15,15,2,7,6,5,0,27.7,75,1.1,0,1005.6
45,2017/7/15,15,3,0,4,5,0,27.5,75,0.6,0,1005.8
45,2017/7/15,15,4,6,4,5,0,27.3,74,1.5,0,1005.8
45,2017/7/15,15,5,4,4,5,0,27,75,2.6,0,1006.1
45,2017/7/15,15,7,36,26,5,0,27.8,71,2.1,0,1006.5
45,2017/7/15,15,8,50,45,5,0,29.8,66,1.1,0,1006.4
45,2017/7/15,15,9,58,46,5,0,31.3,54,2.4,0,1006.4
45,2017/7/15,15,10,24,49,5,0,32,55,2.1,0,1006.2
45,2017/7/15,15,11,37,54,5,0,32.9,52,1.6,0,1005.9
45,2017/7/15,15,12,53,60,5,0,33.4,50,3.4,0,1005.3
45,2017/7/15,15,13,75,61,5,0,33.9,46,1.3,0,1004.6
45,2017/7/15,15,14,67,58,5,0,33.6,48,1.2,0,1004.2
45,2017/7/15,15,15,64,58,5,0,33.5,49,1.8,0,1004.1
45,2017/7/15,15,16,60,64,5,0,33.6,48,3.6,0,1003.6
45,2017/7/15,15,17,112,96,5,0,32.7,53,3.1,0,1003.7
45,2017/7/15,15,18,99,114,5,0,31.8,52,2.7,0,1004.2
45,2017/7/15,15,19,93,85,5,0,30.9,55,3.6,0,1004.6
45,2017/7/15,15,20,82,67,5,0,30.5,57,2.9,0,1005.3
45,2017/7/15,15,21,97,61,5,0,30.3,57,2.2,0,1005.6
45,2017/7/15,15,22,72,63,5,0,30.3,55,2.6,0,1006.3
45,2017/7/15,15,23,32,19,5,0,29.9,57,1.3,0,1006.2
45,2017/7/16,16,0,16,12,6,0,29,72,1.3,0,1009.2
45,2017/7/16,16,1,12,14,6,0,28.9,65,1.2,0,1005.8
45,2017/7/16,16,2,6,6,6,0,28.4,66,1.4,0,1005.8
45,2017/7/16,16,3,1,4,6,0,28,66,1.3,0,1006
45,2017/7/16,16,4,2,2,6,0,27.8,69,1.5,0,1006.1
45,2017/7/16,16,5,1,2,6,0,27.4,69,1.1,0,1006.1
45,2017/7/16,16,6,10,7,6,0,27.1,70,1.6,0,1006.7
45,2017/7/16,16,7,18,14,6,0,29.2,62,0.3,0,1006.5
45,2017/7/16,16,8,49,47,6,0,29.8,60,1,0,1006.4
45,2017/7/16,16,9,44,41,6,0,30.6,58,1.4,0,1006.4
45,2017/7/16,16,10,36,38,6,0,32.8,49,1.3,0,1006.1
45,2017/7/16,16,11,30,31,6,0,33.4,48,0.8,0,1005.8
45,2017/7/16,16,12,43,52,6,0,33.5,49,3.8,0,1005.7
45,2017/7/16,16,13,70,47,6,0,33.4,49,4.1,0,1005.5
45,2017/7/16,16,14,56,57,6,0,33,50,2.8,0,1004.8
45,2017/7/16,16,15,83,62,6,0,33,51,4.8,0,1004.6
45,2017/7/16,16,16,70,75,6,0,32,55,4.2,0,1004
45,2017/7/16,16,17,116,96,6,0,31.4,57,3.7,0,1004.3
45,2017/7/16,16,18,101,106,6,0,31.7,54,2.8,0,1004
45,2017/7/16,16,19,94,89,6,0,31.8,46,3.3,0,1004.6
45,2017/7/16,16,20,99,66,6,0,31.1,50,3.2,0,1006.2
45,2017/7/16,16,21,58,57,6,0,31.3,48,1.9,0,1006.4
45,2017/7/16,16,22,44,44,6,0,31.7,47,0.3,0,1006.9
45,2017/7/16,16,23,27,23,6,0,30.3,70,2.3,0,1007
45,2017/7/17,17,0,8,8,0,1,29.4,77,1.2,0,1008.6
45,2017/7/17,17,1,5,4,0,1,29.6,61,1.1,0,1006.1
45,2017/7/17,17,2,1,0,0,1,28.3,66,2,0,1006.4
45,2017/7/17,17,3,0,1,0,1,27.8,64,2.3,0,1006.7
45,2017/7/17,17,4,1,0,0,1,27.4,65,2.2,0,1006.4
45,2017/7/17,17,5,5,5,0,1,27.3,65,1.6,0,1006.8
45,2017/7/17,17,6,18,12,0,1,27.3,64,1.7,0,1007.4
45,2017/7/17,17,7,58,31,0,1,28.2,60,2.2,0,1008.1
45,2017/7/17,17,8,74,52,0,1,29.1,57,1.5,0,1008.6
45,2017/7/17,17,9,41,36,0,1,30.7,51,0.9,0,1008.6
45,2017/7/17,17,10,64,44,0,1,31.9,47,0.8,0,1008.4
45,2017/7/17,17,11,51,48,0,1,32.4,47,1.3,0,1008.3
45,2017/7/17,17,12,88,73,0,1,32.6,48,2,0,1008.1
45,2017/7/17,17,13,67,62,0,1,32.8,50,2.2,0,1007.6
45,2017/7/17,17,14,49,50,0,1,33.2,47,1.8,0,1007.1
45,2017/7/17,17,15,63,57,0,1,32.2,52,2.4,0,1007.5
45,2017/7/17,17,16,79,85,0,1,32.3,53,0.8,0,1007.1
45,2017/7/17,17,17,104,128,0,1,31.7,63,1.6,0,1007.1
45,2017/7/17,17,18,109,109,0,1,30.7,72,1.9,0,1007.4
45,2017/7/17,17,19,86,71,0,1,30.8,62,1.7,0,1007.8
45,2017/7/17,17,20,91,65,0,1,30.3,63,2,0,1008.6
45,2017/7/17,17,21,94,96,0,1,29.9,68,0.6,0,1008.9
45,2017/7/17,17,22,67,56,0,1,29.6,69,1.1,0,1009.4
45,2017/7/17,17,23,26,16,0,1,29.3,70,1.4,0,1009.2
45,2017/7/18,18,0,14,15,1,1,29.5,67,1.5,0,1005.1
45,2017/7/18,18,1,3,3,1,1,28.5,72,2,0,1008.6
45,2017/7/18,18,2,2,4,1,1,28.4,73,1.3,0,1008.3
45,2017/7/18,18,3,3,0,1,1,28.1,73,1.3,0,1008.3
45,2017/7/18,18,4,2,1,1,1,27.7,75,2,0,1008.4
45,2017/7/18,18,5,2,5,1,1,27.7,75,1.2,0,1008.8
45,2017/7/18,18,6,15,9,1,1,27.4,76,1.4,0,1009.5
45,2017/7/18,18,7,57,45,1,1,27.8,75,0.8,0,1009.8
45,2017/7/18,18,8,68,61,1,1,28.8,70,1.6,0,1009.8
45,2017/7/18,18,9,30,27,1,1,30.9,65,1.4,0,1009.7
45,2017/7/18,18,10,40,35,1,1,31.9,59,2.3,0,1009
45,2017/7/18,18,11,51,50,1,1,33.1,54,1.8,0,1008.4
45,2017/7/18,18,12,70,82,1,1,33.8,54,1.4,0,1007.5
45,2017/7/18,18,13,78,60,1,1,34.8,50,0.9,0,1006.9
45,2017/7/18,18,14,49,53,1,1,34.8,52,3.2,0,1006.5
45,2017/7/18,18,15,56,56,1,1,33.6,55,4.6,0,1006.3
45,2017/7/18,18,16,65,64,1,1,33.5,55,2.5,0,1006
45,2017/7/18,18,17,117,131,1,1,33.2,58,3.5,0,1005.9
45,2017/7/18,18,18,130,125,1,1,32.6,60,2.4,0,1005.9
45,2017/7/18,18,19,85,81,1,1,31.5,64,2.6,0,1007
45,2017/7/18,18,20,69,35,1,1,30.7,70,2.4,0,1008
45,2017/7/18,18,21,71,74,1,1,30,75,2.6,0,1008.6
45,2017/7/18,18,22,50,47,1,1,29.7,76,2.3,0,1009
45,2017/7/18,18,23,23,25,1,1,29.3,78,1.9,0,1008.9
45,2017/7/19,19,0,10,8,2,1,28.3,71,2.8,0,1006.1
45,2017/7/19,19,1,7,1,2,1,28.9,77,1.1,0,1008.3
45,2017/7/19,19,2,1,3,2,1,28.1,76,0.9,0,1007.8
45,2017/7/19,19,3,2,2,2,1,27.7,75,1.8,0,1007.3
45,2017/7/19,19,4,1,0,2,1,27.3,72,1.8,0,1006.8
45,2017/7/19,19,5,6,7,2,1,27,70,1.2,0,1006.7
45,2017/7/19,19,6,16,13,2,1,27.3,68,1.2,0,1006.8
45,2017/7/19,19,7,70,37,2,1,28.2,65,2,0,1007.1
45,2017/7/19,19,8,82,64,2,1,29.8,59,2.2,0,1007.1
45,2017/7/19,19,9,43,38,2,1,32.4,50,1.8,0,1006.6
45,2017/7/19,19,10,45,26,2,1,33.6,47,1.7,0,1006.2
45,2017/7/19,19,11,41,35,2,1,34.7,38,3.1,0,1005.8
45,2017/7/19,19,12,58,57,2,1,35.6,35,2.2,0,1005.3
45,2017/7/19,19,13,60,56,2,1,34.3,50,2,0,1005
45,2017/7/19,19,14,56,56,2,1,34.5,41,2.1,0,1004.6
45,2017/7/19,19,15,55,69,2,1,33.5,44,2.8,0,1004.2
45,2017/7/19,19,16,69,74,2,1,33.3,44,2,0,1003.9
45,2017/7/19,19,17,92,114,2,1,32.6,53,3.1,0,1003.4
45,2017/7/19,19,18,125,113,2,1,31.8,56,2.5,0,1003.4
45,2017/7/19,19,19,104,78,2,1,31,58,1.9,0,1004.2
45,2017/7/19,19,20,85,61,2,1,30.9,54,1.3,0,1004.6
45,2017/7/19,19,21,82,74,2,1,30.7,54,1.7,0,1005
45,2017/7/19,19,22,37,39,2,1,30.3,64,1,0,1005.4
45,2017/7/19,19,23,23,21,2,1,29.8,65,1.5,0,1005.3
45,2017/7/20,20,0,21,19,3,1,29.9,58,0.6,0,1005.8
45,2017/7/20,20,1,6,5,3,1,29.1,73,2.4,0,1005.3
45,2017/7/20,20,2,3,0,3,1,28.7,76,2.3,0,1005.3
45,2017/7/20,20,3,0,2,3,1,28.5,76,1.2,0,1005.1
45,2017/7/20,20,4,2,1,3,1,27.8,76,1.4,0,1005
45,2017/7/20,20,5,3,5,3,1,27.2,76,1.2,0,1005.1
45,2017/7/20,20,6,14,13,3,1,27.2,75,1.5,0,1005.6
45,2017/7/20,20,7,48,34,3,1,28,71,1.9,0,1006.2
45,2017/7/20,20,8,55,51,3,1,29.9,63,1.5,0,1006.5
45,2017/7/20,20,9,44,35,3,1,32.1,54,0.9,0,1006.5
45,2017/7/20,20,10,37,42,3,1,33.2,46,1.5,0,1006.4
45,2017/7/20,20,11,48,44,3,1,34.4,43,2,0,1005.7
45,2017/7/20,20,12,72,72,3,1,34.8,43,1.9,0,1004.9
45,2017/7/20,20,13,59,52,3,1,35.4,40,3.1,0,1004.1
45,2017/7/20,20,14,49,56,3,1,34.9,42,3,0,1003.5
45,2017/7/20,20,15,56,62,3,1,34.6,39,3.5,0,1003.3
45,2017/7/20,20,16,71,77,3,1,34.1,40,4.2,0,1003.5
45,2017/7/20,20,17,89,121,3,1,33.5,43,3.1,0,1003.5
45,2017/7/20,20,18,108,132,3,1,32.3,50,2.7,0,1003.8
45,2017/7/20,20,19,85,85,3,1,31.2,56,3,0,1004.6
45,2017/7/20,20,20,68,49,3,1,31,53,2.8,0,1005.3
45,2017/7/20,20,21,83,71,3,1,30.6,58,1.8,0,1005.8
45,2017/7/20,20,22,89,51,3,1,30.5,60,1.6,0,1006.4
45,2017/7/21,21,0,10,12,4,1,29.5,63,1.5,0,1004.7
45,2017/7/21,21,1,5,2,4,1,28.2,71,2.1,0,1005.6
45,2017/7/21,21,2,1,3,4,1,28.1,71,2.8,0,1005.4
45,2017/7/21,21,3,0,2,4,1,27.8,72,1.3,0,1005.6
45,2017/7/21,21,4,4,2,4,1,27.6,73,1.6,0,1005.5
45,2017/7/21,21,6,14,19,4,1,27.1,75,1.2,0,1006.2
45,2017/7/21,21,7,65,36,4,1,28.7,69,0.7,0,1006.5
45,2017/7/21,21,8,54,52,4,1,30.8,60,0.3,0,1006.9
45,2017/7/21,21,9,54,52,4,1,32,52,0.8,0,1007.2
45,2017/7/21,21,10,48,34,4,1,33.1,48,1.7,0,1007.1
45,2017/7/21,21,11,62,55,4,1,34.9,43,0.8,0,1006.7
45,2017/7/21,21,13,52,49,4,1,33.6,53,3.3,0,1005.3
45,2017/7/21,21,15,60,63,4,1,33.9,51,2.1,0,1004.3
45,2017/7/21,21,16,62,95,4,1,33.7,55,2.6,0,1003.9
45,2017/7/21,21,17,107,140,4,1,33.4,50,4.4,0,1004.1
45,2017/7/21,21,18,115,115,4,1,32.2,53,3.7,0,1004.8
45,2017/7/21,21,19,130,97,4,1,31.5,54,2.5,0,1004.8
45,2017/7/21,21,20,101,73,4,1,31.2,53,4.3,0,1004.8
45,2017/7/21,21,21,101,83,4,1,31.1,56,1.8,0,1005.5
45,2017/7/21,21,22,48,41,4,1,31,56,2.3,0,1005.8
45,2017/7/21,21,23,23,21,4,1,30.8,56,2.5,0,1005.7
45,2017/7/22,22,0,9,9,5,0,28.8,74,1.8,0,1002.6
45,2017/7/22,22,1,7,1,5,0,29.8,59,1.3,0,1005.6
45,2017/7/22,22,2,5,3,5,0,29.1,69,1.4,0,1005.5
45,2017/7/22,22,3,3,5,5,0,28.3,65,1,0,1006.1
45,2017/7/22,22,4,6,0,5,0,27.7,68,1.1,0,1005.9
45,2017/7/22,22,5,2,3,5,0,27.4,70,1.6,0,1006.1
45,2017/7/22,22,6,13,7,5,0,27.6,68,1.2,0,1006.4
45,2017/7/22,22,7,22,24,5,0,28.5,65,1,0,1006.2
45,2017/7/22,22,8,40,29,5,0,31,61,2.8,0,1005.8
45,2017/7/22,22,9,53,50,5,0,33.1,50,3.7,0,1005.3
45,2017/7/22,22,10,36,39,5,0,33.1,51,3.9,0,1005.2
45,2017/7/22,22,11,40,41,5,0,33.7,49,5.1,0,1004.6
45,2017/7/22,22,12,51,59,5,0,33.8,47,3.6,0,1004.5
45,2017/7/22,22,13,82,59,5,0,32.6,51,4.1,0,1004.1
45,2017/7/22,22,14,58,54,5,0,32.5,50,4.6,0,1003.5
45,2017/7/22,22,15,50,56,5,0,32.8,48,3.1,0,1003.2
45,2017/7/22,22,16,90,90,5,0,32.8,49,3.7,0,1003.2
45,2017/7/22,22,17,97,93,5,0,32.4,49,3.1,0,1002.9
45,2017/7/22,22,18,97,86,5,0,32,50,3.5,0,1002.8
45,2017/7/22,22,19,84,70,5,0,31.8,50,3.6,0,1003.3
45,2017/7/22,22,20,86,62,5,0,31.6,50,0.6,0,1003.6
45,2017/7/22,22,21,61,52,5,0,31.6,48,1.6,0,1004.3
45,2017/7/22,22,22,40,38,5,0,31.1,51,2.7,0,1004.7
45,2017/7/22,22,23,33,31,5,0,30.1,58,2.6,0,1004.7
45,2017/7/23,23,0,18,9,6,0,29.1,74,1.6,0,1001.4
45,2017/7/23,23,1,13,4,6,0,29.5,62,1.4,0,1004.2
45,2017/7/23,23,2,1,1,6,0,28.8,66,1.4,0,1003.6
45,2017/7/23,23,3,3,5,6,0,28.5,67,2.4,0,1003.4
45,2017/7/23,23,4,0,0,6,0,28.2,69,1.3,0,1003.4
45,2017/7/23,23,5,3,4,6,0,27.6,72,1.4,0,1003.3
45,2017/7/23,23,6,17,9,6,0,27.8,70,2.9,0,1003.7
45,2017/7/23,23,7,17,17,6,0,28.7,65,2.8,0,1004
45,2017/7/23,23,8,29,36,6,0,30.4,60,0.9,0,1004.1
45,2017/7/23,23,9,36,25,6,0,32.9,52,1.1,0,1003.9
45,2017/7/23,23,10,45,27,6,0,33.8,46,1.5,0,1003.5
45,2017/7/23,23,11,41,52,6,0,34.5,44,1.9,0,1003.4
45,2017/7/23,23,12,49,45,6,0,34.2,50,3.1,0,1002.8
45,2017/7/23,23,13,51,42,6,0,33.9,57,3,0,1002.6
45,2017/7/23,23,14,50,33,6,0,33.6,60,3.2,0,1002.5
45,2017/7/23,23,15,46,53,6,0,33.4,60,2.6,0,1002.4
45,2017/7/23,23,16,62,58,6,0,32.9,63,2.3,0,1002.1
45,2017/7/23,23,17,6,17,6,0,32,67,2,0,1002.4
45,2017/7/23,23,18,48,42,6,0,28.7,84,2.5,4.5,1002.8
45,2017/7/23,23,19,79,62,6,0,30.2,73,1.3,1.5,1002.7
45,2017/7/23,23,20,73,56,6,0,30,72,2.8,0,1002.7
45,2017/7/23,23,21,51,46,6,0,29.8,71,1.6,0,1002.9
45,2017/7/23,23,22,40,39,6,0,29.4,72,2,0,1002.8
45,2017/7/23,23,23,18,19,6,0,29.1,73,2.2,0,1003
45,2017/7/24,24,0,17,9,0,1,29.6,73,2.1,0,1001.4
45,2017/7/24,24,1,6,4,0,1,29.1,73,0.7,0,1002.5
45,2017/7/24,24,2,1,1,0,1,28.8,75,0.9,0,1001.8
45,2017/7/24,24,3,4,1,0,1,28.9,73,0.7,0,1002
45,2017/7/24,24,4,1,1,0,1,28.9,74,1,0,1002.1
45,2017/7/24,24,5,1,9,0,1,28.4,77,1.7,0,1002.4
45,2017/7/24,24,6,23,19,0,1,28.5,77,0.8,0,1002.9
45,2017/7/24,24,7,61,28,0,1,28.8,78,1.4,0,1003
45,2017/7/24,24,8,82,59,0,1,29.7,74,3.2,0,1003
45,2017/7/24,24,9,40,35,0,1,31,66,2.9,0,1003
45,2017/7/24,24,11,60,64,0,1,32.5,61,2.4,0,1002.1
45,2017/7/24,24,12,65,74,0,1,33,62,2.1,0,1001.5
45,2017/7/24,24,13,79,59,0,1,32.9,62,1.8,0,1001
45,2017/7/24,24,14,45,48,0,1,33.5,58,1.9,0,1000.7
45,2017/7/24,24,15,47,47,0,1,33.5,50,2.1,0,1000.4
45,2017/7/24,24,16,73,70,0,1,32.8,61,1.3,0,999.9
45,2017/7/24,24,17,99,157,0,1,32.5,63,2.1,0,999.7
45,2017/7/24,24,18,128,148,0,1,32.6,61,1.3,0,999.9
45,2017/7/24,24,19,85,105,0,1,31.1,70,1.1,0,1000.3
45,2017/7/24,24,20,90,71,0,1,30.3,74,2.3,0,1000.9
45,2017/7/24,24,21,78,57,0,1,30.7,73,0.5,0,1001.4
45,2017/7/24,24,22,52,38,0,1,30.2,73,1.8,0,1001.5
45,2017/7/24,24,23,22,23,0,1,30.2,73,0.7,0,1001.4
45,2017/7/25,25,0,16,4,1,1,28,75,1.6,0,1000.7
45,2017/7/25,25,1,6,3,1,1,29.2,74,1.1,0,1001.1
45,2017/7/25,25,2,2,2,1,1,29.1,76,1.5,0,1000.8
45,2017/7/25,25,3,0,2,1,1,29.1,74,2.1,0,1000.8
45,2017/7/25,25,4,0,0,1,1,28,75,1.4,0,1000.8
45,2017/7/25,25,5,1,5,1,1,27.5,76,2,0,1001.1
45,2017/7/25,25,6,17,18,1,1,27.3,74,1,0,1001.5
45,2017/7/25,25,7,71,23,1,1,28.1,70,1.6,0,1001.8
45,2017/7/25,25,8,62,54,1,1,29.8,65,0.4,0,1001.6
45,2017/7/25,25,9,45,41,1,1,30,62,2.6,0,1001.4
45,2017/7/25,25,10,47,35,1,1,31.9,55,1.7,0,1001.4
45,2017/7/25,25,11,57,57,1,1,32.4,54,1.6,0,1001.1
45,2017/7/25,25,12,84,66,1,1,34.3,47,1.7,0,1000.8
45,2017/7/25,25,13,53,59,1,1,34.8,43,0.8,0,1000.3
45,2017/7/25,25,14,56,48,1,1,34.7,48,2.1,0,999.8
45,2017/7/25,25,15,55,58,1,1,33.4,53,3.5,0,999.8
45,2017/7/25,25,16,72,86,1,1,32.9,54,2.4,0,999.8
45,2017/7/25,25,17,110,112,1,1,32.5,56,1.7,0,999.6
45,2017/7/25,25,19,86,76,1,1,31.3,58,1.6,0,1000.4
45,2017/7/25,25,20,93,79,1,1,30.6,65,1.9,0,1000.8
45,2017/7/25,25,21,85,62,1,1,30,70,2.2,0,1001.2
45,2017/7/25,25,22,52,47,1,1,30.1,71,1.1,0,1001.9
45,2017/7/26,26,0,11,6,2,1,29.1,70,2.3,0,1001
45,2017/7/26,26,1,1,3,2,1,29.7,68,1.2,0,1001
45,2017/7/26,26,3,0,0,2,1,28.9,73,0.5,0,1000.4
45,2017/7/26,26,4,0,1,2,1,28.1,76,1.3,0,1000.4
45,2017/7/26,26,5,3,5,2,1,27.7,77,1.6,0,1000.4
45,2017/7/26,26,6,15,12,2,1,27.6,78,1,0,1000.8
45,2017/7/26,26,7,61,32,2,1,28.5,72,0.8,0,1001.3
45,2017/7/26,26,8,77,60,2,1,29.9,67,1,0,1001.3
45,2017/7/26,26,9,53,54,2,1,31.1,63,1.5,0,1001
45,2017/7/26,26,10,58,32,2,1,31.5,59,1.6,0,1000.8
45,2017/7/26,26,11,32,24,2,1,33.9,50,0.9,0,1000.8
45,2017/7/26,26,12,73,71,2,1,33.6,56,3,0,1000.2
45,2017/7/26,26,13,47,58,2,1,32,63,1.8,0,1000.2
45,2017/7/26,26,14,70,56,2,1,32.6,60,2.6,0,1000
45,2017/7/26,26,15,56,59,2,1,31,67,3.9,0,999.8
45,2017/7/26,26,16,66,74,2,1,30.3,64,1.5,0,1000
45,2017/7/26,26,17,112,158,2,1,29.3,68,1.4,0,999.8
45,2017/7/26,26,18,133,121,2,1,29.2,70,1.2,0,1000.1
45,2017/7/26,26,19,110,111,2,1,29.5,68,0.7,0,1000.1
45,2017/7/26,26,20,85,61,2,1,28.8,73,0.9,0,1000.4
45,2017/7/26,26,21,75,71,2,1,28.6,75,2,0,1000.8
45,2017/7/26,26,22,46,30,2,1,28.9,73,1.4,0,1000.8
45,2017/7/26,26,23,14,16,2,1,28.2,76,0.8,0,1000.8
45,2017/7/27,27,0,20,7,3,1,29.1,78,2.5,0,998.8
45,2017/7/27,27,1,8,5,3,1,27.4,77,2.2,0,1000.2
45,2017/7/27,27,2,3,3,3,1,27.1,77,0.9,0,1000.3
45,2017/7/27,27,3,1,0,3,1,27,79,1,0,1000.4
45,2017/7/27,27,4,0,0,3,1,27,78,1,0,1000.5
45,2017/7/27,27,5,1,7,3,1,26.5,76,1,0,1000.8
45,2017/7/27,27,6,10,17,3,1,26.7,77,1,0,1001.1
45,2017/7/27,27,7,66,40,3,1,27.3,72,2.3,0,1001.9
45,2017/7/27,27,8,86,62,3,1,28.8,67,1.2,0,1002.1
45,2017/7/27,27,9,55,37,3,1,30.5,63,1.6,0,1001.9
45,2017/7/27,27,10,39,35,3,1,31.6,59,1.2,0,1001.5
45,2017/7/27,27,11,45,50,3,1,31.7,61,2.8,0,1001.2
45,2017/7/27,27,12,75,70,3,1,33,53,0.9,0,1000.4
45,2017/7/27,27,13,63,57,3,1,33.6,51,2.3,0,999.7
45,2017/7/27,27,14,55,53,3,1,32.3,59,1.9,0,999.5
45,2017/7/27,27,15,52,54,3,1,31.2,68,2,0.5,999.6
45,2017/7/27,27,16,67,80,3,1,31.3,69,1.7,0,999.4
45,2017/7/27,27,17,86,141,3,1,33.1,47,1.3,0,999.1
45,2017/7/27,27,18,133,125,3,1,32,51,3.1,0,999.3
45,2017/7/27,27,19,122,93,3,1,31,55,2.9,0,999.8
45,2017/7/27,27,20,83,63,3,1,30.5,58,2.5,0,1000.4
45,2017/7/27,27,21,95,70,3,1,29.9,62,3,0,1001
45,2017/7/27,27,22,58,50,3,1,29.6,65,3.4,0,1001.2
45,2017/7/27,27,23,21,21,3,1,29.4,66,2.7,0,1001.3
45,2017/7/28,28,1,12,2,4,1,29,69,2.4,0,1000.5
45,2017/7/28,28,2,2,2,4,1,29.1,65,2.8,0,1000.2
45,2017/7/28,28,3,3,0,4,1,29,67,2,0,999.9
45,2017/7/28,28,4,0,3,4,1,28.7,69,2.6,0,999.8
45,2017/7/28,28,5,3,5,4,1,28.6,73,2.3,0,1000.1
45,2017/7/28,28,6,13,18,4,1,28.7,71,2.8,0,1000.3
45,2017/7/28,28,7,60,32,4,1,29.6,69,2.7,0,1000.7
45,2017/7/28,28,8,55,49,4,1,30.6,67,3.6,0,1000.4
45,2017/7/28,28,9,57,37,4,1,32.2,58,3.2,0,1000.1
45,2017/7/28,28,10,46,31,4,1,33.2,53,4.6,0,999.9
45,2017/7/28,28,11,67,64,4,1,34,46,3.4,0,999.3
45,2017/7/28,28,12,81,85,4,1,34,50,4.4,0,999.4
45,2017/7/28,28,13,71,60,4,1,32.9,59,3.4,0,998.9
45,2017/7/28,28,14,50,61,4,1,32.7,62,3.1,0,998.9
45,2017/7/28,28,15,51,51,4,1,30.6,76,2.6,0,998.8
45,2017/7/28,28,16,65,65,4,1,31.3,71,3.2,0,998.8
45,2017/7/28,28,17,83,108,4,1,31.3,70,4.1,0,998.5
45,2017/7/28,28,18,117,111,4,1,29.7,80,2.6,0,998.7
45,2017/7/28,28,19,83,91,4,1,29.5,80,3.6,0,999.1
45,2017/7/28,28,20,114,72,4,1,29.5,78,3.4,0,999.2
45,2017/7/28,28,21,76,52,4,1,29.5,78,2.1,0,999.5
45,2017/7/28,28,22,33,35,4,1,29.6,78,3,0,999.5
45,2017/7/28,28,23,28,22,4,1,28.7,80,2.9,2,999.3
45,2017/7/29,29,0,12,6,5,0,29.9,66,5.2,0,987.5
45,2017/7/29,29,1,8,1,5,0,29.2,77,3.3,0,998.1
45,2017/7/29,29,2,3,1,5,0,28.9,79,2.9,0,997.4
45,2017/7/29,29,3,0,0,5,0,29.2,75,3,0,996.7
45,2017/7/29,29,4,2,0,5,0,28.6,80,1.5,0,996.6
45,2017/7/29,29,5,1,5,5,0,28.4,81,2.9,0,996.5
45,2017/7/29,29,6,3,3,5,0,28.2,84,2.6,0,996.6
45,2017/7/29,29,8,41,31,5,0,29.8,74,1.8,0,996.2
45,2017/7/29,29,9,41,31,5,0,30.8,66,3.4,0,995.9
45,2017/7/29,29,10,18,42,5,0,29.5,76,4,0,995.6
45,2017/7/29,29,11,16,19,5,0,28.7,78,3.1,0.5,995.2
45,2017/7/29,29,12,42,34,5,0,29.5,73,4.8,0.5,994.4
45,2017/7/29,29,13,50,41,5,0,30.1,66,4.8,0.5,993.3
45,2017/7/29,29,14,18,21,5,0,30.5,66,4.5,0,992.6
45,2017/7/29,29,15,12,15,5,0,26.6,82,2.7,1,992.5
45,2017/7/29,29,16,6,6,5,0,26.5,86,2.8,1,991.2
45,2017/7/29,29,17,10,13,5,0,26.8,85,4.9,2,990.3
45,2017/7/29,29,18,4,9,5,0,27,83,3.6,1.5,989
45,2017/7/29,29,19,4,1,5,0,27.4,80,8.2,4,984.8
45,2017/7/29,29,20,0,1,5,0,26.4,86,7.4,7.5,978.2
45,2017/7/29,29,21,0,0,5,0,27.4,80,12.9,9.5,974.9
45,2017/7/29,29,22,0,0,5,0,28.2,76,11.5,11.5,974.7
45,2017/7/29,29,23,0,0,5,0,28.6,75,6.7,3,977.3
45,2017/7/30,30,0,0,0,6,0,27.1,76,3.1,0,998.3
45,2017/7/30,30,1,0,0,6,0,29.3,71,3.5,0,982.2
45,2017/7/30,30,2,0,0,6,0,29.8,67,5.1,0,983.7
45,2017/7/30,30,3,0,0,6,0,29.8,67,2.5,0,985
45,2017/7/30,30,4,0,0,6,0,29.7,68,1.4,0,986.7
45,2017/7/30,30,5,0,0,6,0,28.3,78,0.7,0,987.9
45,2017/7/30,30,6,0,0,6,0,28.3,78,1.3,0,988.9
45,2017/7/30,30,7,0,0,6,0,30.3,65,0.6,0,990.2
45,2017/7/30,30,8,0,0,6,0,29,76,0.9,0,991.1
45,2017/7/30,30,9,1,0,6,0,31.9,62,1.1,0,991.6
45,2017/7/30,30,10,2,5,6,0,33.2,49,4.3,0,991.5
45,2017/7/30,30,11,18,25,6,0,33,50,1.9,0,991.6
45,2017/7/30,30,12,22,27,6,0,33.5,49,3.7,0,991.1
45,2017/7/30,30,13,51,34,6,0,33.3,51,2.7,0,990.5
45,2017/7/30,30,14,56,46,6,0,32.7,54,6.1,0,990.3
45,2017/7/30,30,15,51,51,6,0,32,56,3.8,0,990.1
45,2017/7/30,30,16,58,55,6,0,30.5,63,4.6,0,989.6
45,2017/7/30,30,17,65,63,6,0,30.2,63,3.7,0,988.7
45,2017/7/30,30,18,71,70,6,0,30.2,63,4.5,0,988.5
45,2017/7/30,30,19,57,74,6,0,30.2,62,3.9,0,988
45,2017/7/30,30,20,50,31,6,0,29.9,68,5,0,988.4
45,2017/7/30,30,21,39,9,6,0,29.2,74,6.2,0,988.8
45,2017/7/30,30,22,13,12,6,0,29.8,67,4.6,0,988.9
45,2017/7/30,30,23,11,11,6,0,29.9,66,5.1,0,988.3
45,2017/7/31,31,1,5,1,0,1,29.7,64,4.7,0,987.4
45,2017/7/31,31,2,2,1,0,1,29.4,64,2.3,0,987.8
45,2017/7/31,31,3,2,2,0,1,29.3,63,1.8,0,988.9
45,2017/7/31,31,4,0,0,0,1,29.2,65,2.1,0,989.7
45,2017/7/31,31,5,1,2,0,1,28.5,70,1.7,0,990.2
45,2017/7/31,31,6,3,5,0,1,27.7,75,0.9,0,992
45,2017/7/31,31,7,6,9,0,1,27,81,1.1,1.5,993.1
45,2017/7/31,31,8,37,10,0,1,26.1,85,0.6,2,994.3
45,2017/7/31,31,9,36,18,0,1,26.2,85,1.2,1,994.5
45,2017/7/31,31,10,29,17,0,1,26.2,87,2.8,0.5,995.1
45,2017/7/31,31,11,30,24,0,1,27.3,79,0.5,0,995.2
45,2017/7/31,31,12,57,63,0,1,27.9,78,0.2,0,996.4
45,2017/7/31,31,13,77,66,0,1,28.6,74,1.1,0,995.3
45,2017/7/31,31,14,53,49,0,1,29.3,67,1.1,0,995.1
45,2017/7/31,31,15,65,66,0,1,30.6,63,1.4,0,995.8
45,2017/7/31,31,16,92,83,0,1,30.7,62,4,0,994.4
45,2017/7/31,31,17,116,159,0,1,30.5,58,2.8,0,994.4
45,2017/7/31,31,18,118,130,0,1,30.6,57,1.8,0,995.5
45,2017/7/31,31,19,115,129,0,1,30.3,57,1.1,0,996.5
45,2017/7/31,31,20,73,60,0,1,29.6,67,1.4,0,996.9
45,2017/7/31,31,21,102,54,0,1,28.7,73,1.6,0,997.7
45,2017/7/31,31,22,56,42,0,1,27.8,75,1.4,0,998.3
45,2017/7/31,31,23,29,29,0,1,27.8,73,2.6,0,998.5
